target,family,predictor,n,intercept,slope,r2,rmse,mae,bias,pearson_r,spearman_rho,interpretation_note
et_base_out_mm_d,station_vs_satellite,SAVI_mean,9,1.1487326536712819,3.9294533153503997,0.6628360883740914,0.22282954334073873,0.20360028417312875,-2.9605947323337506e-16,0.8141474610745223,0.6833333333333333,relacion relativamente fuerte
et_base_out_mm_d_w5_mean,station_vs_satellite,NDVI_mean,9,1.5124410556804777,1.2828182257846847,0.4493882182964969,0.11734436261210515,0.09895521039741197,9.868649107779169e-17,0.6703642430026355,0.6359888306543495,relacion moderada
et_base_out_mm_d_w3_mean,station_vs_satellite,NDVI_mean,9,1.7019255520405,1.0420223231153938,0.3612566776352637,0.11450315872831317,0.09188145126821788,-5.427757009278544e-16,0.6010463190431029,0.6666666666666667,relacion moderada
et_base_out_mm_d_w7_mean,station_vs_satellite,NDVI_mean,9,1.6021739111633355,1.0090577521681916,0.3567802200642577,0.11196454876740088,0.0938049474890325,-3.20731096002823e-16,0.5973108236624022,0.4666666666666666,relacion moderada
et_base_out_mm_d_w7_sum,station_vs_satellite,NDRE_mean,9,18.449997430933475,-15.154547539093194,0.08668348888792698,3.240823493892278,2.416561708820252,1.8750433304780422e-15,-0.29442059861349185,-0.16666666666666669,relacion debil o exploratoria
et_base_out_mm_d_w5_sum,station_vs_satellite,NDRE_mean,9,11.886185154059623,-5.928160991663534,0.03261881719207871,2.1269370849376257,1.5285521335284908,6.908054375445419e-16,-0.18060680272924068,0.18410202992625907,relacion debil o exploratoria
et_base_out_mm_d_w3_sum,station_vs_satellite,EVI_mean,9,5.964557773370222,1.039287316120719,0.01277682494567367,0.8595822827375027,0.5446673866215855,-3.9474596431116675e-16,0.11303461835063569,0.3666666666666667,relacion debil o exploratoria
